name,pub_date,city,corpt,salary
name,pub_date,city,corpt,salary
name,pub_date,city,corpt,salary
name,pub_date,city,corpt,salary
name,pub_date,city,corpt,salary
name,pub_date,city,corpt,salary
name,pub_date,city,corpt,salary
name,pub_date,city,corpt,salary
name,pub_date,city,corpt,salary
name,pub_date,city,corpt,salary
name,pub_date,city,corpt,salary
name,pub_date,city,corpt,salary
name,pub_date,city,corpt,salary
name,pub_date,city,corpt,salary
name,pub_date,city,corpt,salary
name,pub_date,city,corpt,salary
name,pub_date,city,corpt,salary
name,pub_date,city,corpt,salary
name,pub_date,city,corpt,salary
name,pub_date,city,corpt,salary
name,pub_date,city,corpt,salary
name,pub_date,city,corpt,salary
name,pub_date,city,corpt,salary
name,pub_date,city,corpt,salary
name,pub_date,city,corpt,salary
name,pub_date,city,corpt,salary
name,pub_date,city,corpt,salary
name,pub_date,city,corpt,salary
name,pub_date,city,corpt,salary
name,pub_date,city,corpt,salary
name,pub_date,city,corpt,salary
name,pub_date,city,corpt,salary
name,pub_date,city,corpt,salary
name,pub_date,city,corpt,salary
name,pub_date,city,corpt,salary
name,pub_date,city,corpt,salary
name,pub_date,city,corpt,salary
name,pub_date,city,corpt,salary
name,pub_date,city,corpt,salary
name,pub_date,city,corpt,salary
name,pub_date,city,corpt,salary
name,pub_date,city,corpt,salary
name,pub_date,city,corpt,salary
name,pub_date,city,corpt,salary
name,pub_date,city,corpt,salary
name,pub_date,city,corpt,salary
name,pub_date,city,corpt,salary
name,pub_date,city,corpt,salary
name,pub_date,city,corpt,salary
name,pub_date,city,corpt,salary
name,pub_date,city,corpt,salary
name,pub_date,city,corpt,salary
